state;action_reward;n_state
12281&0|12216&0|9562&0|12368&0|12385&0|12205&0|12229&0|8847&0|12516&0|12442&0|12312&0|5957&0;12520&0|12558&0|12560&0|12541&0;12281&0|12216&0|9562&0|12368&0|12385&0|12205&0|12229&0|8847&0|12516&0|12442&0|12312&0|5957&0|12520&0|12558&0|12560&0|12541&0
10974&0|6907&0|13486&0|17899&0|3084&0|17827&0|2459&0|21990&0|21956&0|11628&0|3400&0|1619&0;22013&0|1678&0|6939&0|21981&0;10974&0|6907&0|13486&0|17899&0|3084&0|17827&0|2459&0|21990&0|21956&0|11628&0|3400&0|1619&0|22013&0|1678&0|6939&0|21981&0
1817&0|6897&0|1662&0|2909&0|5678&0|4389&0|5247&0|3056&0|2308&0|5689&0|11017&0|2001&0;21553&0|3778&0|6896&0|29273&0;1817&0|6897&0|1662&0|2909&0|5678&0|4389&0|5247&0|3056&0|2308&0|5689&0|11017&0|2001&0|21553&0|3778&0|6896&0|29273&0
16592&0|4626&0|11832&0|16615&0|974&0|16594&0|988&0|11382&0|16617&0|16603&0|16597&0|16604&0;16612&0|1008&0|6451&0|5874&0;16592&0|4626&0|11832&0|16615&0|974&0|16594&0|988&0|11382&0|16617&0|16603&0|16597&0|16604&0|16612&0|1008&0|6451&0|5874&0
6744&0|29656&0|5265&0|29665&0|4296&0|29650&0|6295&0|9099&0|13709&0|29647&0|5189&0|10437&0;3750&0|5678&0|7573&0|20522&0;6744&0|29656&0|5265&0|29665&0|4296&0|29650&0|6295&0|9099&0|13709&0|29647&0|5189&0|10437&0|3750&0|5678&0|7573&0|20522&0
1360&0|1876&0|1248&0|1794&0|1838&0|1883&0|1842&0|1804&0|1811&0|264&1|1829&0|1851&0;1893&0|1542&0|1905&0|1908&0;1360&0|1876&0|1248&0|1794&0|1838&0|1883&0|1842&0|1804&0|1811&0|264&1|1829&0|1851&0|1893&0|1542&0|1905&0|1908&0
926&0|27968&0|3852&0|4291&0|6484&0|3865&0|19660&0|4167&0|910&0|10646&0|25123&0|8974&0;934&0|18931&0|27969&0|17362&0;926&0|27968&0|3852&0|4291&0|6484&0|3865&0|19660&0|4167&0|910&0|10646&0|25123&0|8974&0|934&0|18931&0|27969&0|17362&0
2565&0|2553&0|2549&0|2050&0|2561&0|2555&0|2538&0|1675&0|249&0|2645&0|2649&0|1070&0;2600&0|2590&0|2599&0|2589&0;2565&0|2553&0|2549&0|2050&0|2561&0|2555&0|2538&0|1675&0|249&0|2645&0|2649&0|1070&0|2600&0|2590&0|2599&0|2589&0
3385&0|3386&0|4397&0|20810&0|1184&0|1805&0|13734&0|1483&0|24106&0|6551&0|3815&0|11893&0;29319&0|1642&0|15581&0|2060&0;3385&0|3386&0|4397&0|20810&0|1184&0|1805&0|13734&0|1483&0|24106&0|6551&0|3815&0|11893&0|29319&0|1642&0|15581&0|2060&0
10235&0|3287&0|5728&0|10066&0|6801&0|8395&1|10264&0|4381&1|9305&0|3747&0|10180&0|10138&0;8584&0|10273&0|10281&1|10288&0;10235&0|3287&0|5728&0|10066&0|6801&0|8395&1|10264&0|4381&1|9305&0|3747&0|10180&0|10138&0|8584&0|10273&0|10281&1|10288&0
4430&0|1500&0|1538&0|3556&0|3627&0|1484&0|15240&0|5018&0|2601&0|1445&0|3836&0|939&0;15285&0|5695&0|15273&0|15284&0;4430&0|1500&0|1538&0|3556&0|3627&0|1484&0|15240&0|5018&0|2601&0|1445&0|3836&0|939&0|15285&0|5695&0|15273&0|15284&0
19780&0|6609&0|14462&0|19132&0|1910&0|11083&0|19832&0|9310&0|4470&0|5811&0|19846&0|10597&0;19871&0|7664&0|6085&0|7664&0;19780&0|6609&0|14462&0|19132&0|1910&0|11083&0|19832&0|9310&0|4470&0|5811&0|19846&0|10597&0|19871&0|7664&0|6085&0|7664&0
9048&0|12184&0|4529&0|6561&0|18860&0|18865&0|6257&0|18843&0|10706&0|18839&0|2028&0|10694&0;7088&0|18857&0|2071&0|18876&0;9048&0|12184&0|4529&0|6561&0|18860&0|18865&0|6257&0|18843&0|10706&0|18839&0|2028&0|10694&0|7088&0|18857&0|2071&0|18876&0
4232&0|148&0|7421&0|26355&0|2246&0|7066&0|6245&0|9415&0|14704&0|28933&0|5236&0|8960&0;5753&0|2854&0|3222&0|6837&0;4232&0|148&0|7421&0|26355&0|2246&0|7066&0|6245&0|9415&0|14704&0|28933&0|5236&0|8960&0|5753&0|2854&0|3222&0|6837&0
1809&0|1983&0|603&0|10559&0|10479&0|10495&0|10469&0|2665&0|10526&0|10569&0|10475&0|10555&0;5758&0|10629&0|2932&0|1678&0;1809&0|1983&0|603&0|10559&0|10479&0|10495&0|10469&0|2665&0|10526&0|10569&0|10475&0|10555&0|5758&0|10629&0|2932&0|1678&0
21721&0|13285&0|13067&0|13433&0|28113&0|16199&0|1329&0|3235&0|4718&0|28191&0|28106&0|24032&0;24181&0|3299&0|16467&0|5593&0;21721&0|13285&0|13067&0|13433&0|28113&0|16199&0|1329&0|3235&0|4718&0|28191&0|28106&0|24032&0|24181&0|3299&0|16467&0|5593&0
5536&0|168&0|199&0|2395&0|12755&0|6053&0|20437&0|22699&0|676&0|8970&0|26132&0|470&0;7074&0|7745&0|12047&0|7050&0;5536&0|168&0|199&0|2395&0|12755&0|6053&0|20437&0|22699&0|676&0|8970&0|26132&0|470&0|7074&0|7745&0|12047&0|7050&0
27824&0|13599&0|19139&0|5471&0|1674&0|27855&0|13527&0|8237&0|5423&0|18762&0|1477&0|27794&0;27923&0|27949&0|11570&0|27916&0;27824&0|13599&0|19139&0|5471&0|1674&0|27855&0|13527&0|8237&0|5423&0|18762&0|1477&0|27794&0|27923&0|27949&0|11570&0|27916&0
1742&1|16631&0|2437&0|26447&0|11576&0|13069&0|14996&0|2368&0|26463&0|15384&0|1221&0|1423&0;26557&0|25564&0|16539&0|20682&0;1742&1|16631&0|2437&0|26447&0|11576&0|13069&0|14996&0|2368&0|26463&0|15384&0|1221&0|1423&0|26557&0|25564&0|16539&0|20682&0
9725&0|2952&0|8025&0|31654&0|31605&0|20585&0|13597&0|945&0|9657&0|958&0|31604&0|31641&0;22964&0|19013&0|7846&0|31631&0;9725&0|2952&0|8025&0|31654&0|31605&0|20585&0|13597&0|945&0|9657&0|958&0|31604&0|31641&0|22964&0|19013&0|7846&0|31631&0
2099&0|608&0|12547&0|22420&0|8703&0|5774&0|15073&0|1499&0|9768&0|31300&0|12381&0|22500&0;19221&0|6069&0|870&0|13641&1;2099&0|608&0|12547&0|22420&0|8703&0|5774&0|15073&0|1499&0|9768&0|31300&0|12381&0|22500&0|19221&0|6069&0|870&0|13641&1
11611&0|6825&0|11628&0|996&0|8731&0|10882&0|4509&0|17519&0|7621&0|8710&0|3568&0|7696&1;17526&0|14780&0|3608&0|3488&0;11611&0|6825&0|11628&0|996&0|8731&0|10882&0|4509&0|17519&0|7621&0|8710&0|3568&0|7696&1|17526&0|14780&0|3608&0|3488&0
1254&0|1274&0|1847&0|20781&0|1375&0|1455&0|7887&0|3325&0|10496&0|8832&0|7258&0|1920&0;1707&0|20745&1|2096&0|20750&0;1254&0|1274&0|1847&0|20781&0|1375&0|1455&0|7887&0|3325&0|10496&0|8832&0|7258&0|1920&0|1707&0|20745&1|2096&0|20750&0
8707&0|1426&0|5765&0|2055&0|2063&0|3677&0|5238&0|3374&0|26989&0|17339&0|15636&1|2553&0;13637&0|3542&0|6076&0|7872&0;8707&0|1426&0|5765&0|2055&0|2063&0|3677&0|5238&0|3374&0|26989&0|17339&0|15636&1|2553&0|13637&0|3542&0|6076&0|7872&0
9705&0|9519&0|6416&0|7519&0|35&0|6416&0|3492&0|57&0|4505&0|157&0|7818&0|15908&0;15961&0|15889&0|7624&0|15921&0;9705&0|9519&0|6416&0|7519&0|35&0|6416&0|3492&0|57&0|4505&0|157&0|7818&0|15908&0|15961&0|15889&0|7624&0|15921&0
16&0|7562&0|69&0|22226&0|32464&0|32460&0|24504&0|32461&0|6299&0|4750&0|3872&0|20&0;14419&0|7389&0|9241&1|15496&0;16&0|7562&0|69&0|22226&0|32464&0|32460&0|24504&0|32461&0|6299&0|4750&0|3872&0|20&0|14419&0|7389&0|9241&1|15496&0
11553&0|10351&0|6803&0|5292&1|6590&0|13025&1|31903&0|31965&0|3841&0|5309&0|25797&0|12083&0;4417&0|32014&0|6968&0|3260&0;11553&0|10351&0|6803&0|5292&1|6590&0|13025&1|31903&0|31965&0|3841&0|5309&0|25797&0|12083&0|4417&0|32014&0|6968&0|3260&0
21983&0|2601&0|24969&0|7870&0|17724&0|24968&0|24858&0|21996&0|24891&0|23438&0|878&0|10448&0;8262&0|24942&0|23032&0|24943&0;21983&0|2601&0|24969&0|7870&0|17724&0|24968&0|24858&0|21996&0|24891&0|23438&0|878&0|10448&0|8262&0|24942&0|23032&0|24943&0
688&0|457&0|369&0|261&0|724&0|655&0|767&0|596&0|500&0|443&0|540&0|509&0;898&0|846&0|882&0|805&0;688&0|457&0|369&0|261&0|724&0|655&0|767&0|596&0|500&0|443&0|540&0|509&0|898&0|846&0|882&0|805&0
23359&0|784&0|7653&0|23365&0|20850&0|715&0|23306&0|1293&0|11883&0|21494&0|13207&0|6364&0;17731&0|2085&0|13492&0|21994&0;23359&0|784&0|7653&0|23365&0|20850&0|715&0|23306&0|1293&0|11883&0|21494&0|13207&0|6364&0|17731&0|2085&0|13492&0|21994&0
9287&0|3831&0|12355&0|3671&0|30801&0|30791&0|2933&0|11419&0|916&0|8684&0|1077&0|30718&0;6480&0|3778&0|15397&0|30831&0;9287&0|3831&0|12355&0|3671&0|30801&0|30791&0|2933&0|11419&0|916&0|8684&0|1077&0|30718&0|6480&0|3778&0|15397&0|30831&0
13441&1|13431&0|10202&0|3816&0|3814&0|793&0|13430&0|7770&0|13451&0|784&0|13445&0|10905&0;3830&0|1279&0|3617&0|2060&0;13441&1|13431&0|10202&0|3816&0|3814&0|793&0|13430&0|7770&0|13451&0|784&0|13445&0|10905&0|3830&0|1279&0|3617&0|2060&0
2001&0|6390&0|15445&1|15451&0|932&0|15342&0|15455&1|15446&0|4746&0|3812&0|15463&0|8353&0;4169&0|7111&0|15483&1|15496&0;2001&0|6390&0|15445&1|15451&0|932&0|15342&0|15455&1|15446&0|4746&0|3812&0|15463&0|8353&0|4169&0|7111&0|15483&1|15496&0
27738&0|6486&0|27739&0|2438&0|5980&0|27731&0|2220&0|7371&0|27742&0|27719&0|20&0|27745&0;27724&0|21693&0|1082&0|779&0;27738&0|6486&0|27739&0|2438&0|5980&0|27731&0|2220&0|7371&0|27742&0|27719&0|20&0|27745&0|27724&0|21693&0|1082&0|779&0
5750&0|5748&0|5746&0|2026&0|5765&0|3420&0|5773&0|5752&0|5738&0|784&0|1817&0|2071&0;4633&0|3723&0|5784&0|5780&0;5750&0|5748&0|5746&0|2026&0|5765&0|3420&0|5773&0|5752&0|5738&0|784&0|1817&0|2071&0|4633&0|3723&0|5784&0|5780&0
7384&0|54&1|14299&1|4273&0|99&0|3892&0|566&0|11721&1|14360&1|9865&0|58&0|18901&0;209&0|206&1|5792&0|177&0;7384&0|54&1|14299&1|4273&0|99&0|3892&0|566&0|11721&1|14360&1|9865&0|58&0|18901&0|209&0|206&1|5792&0|177&0
7883&0|7898&0|546&0|7556&0|1529&0|6652&0|945&0|8096&0|7999&0|8127&0|8036&0|8076&0;8254&0|1074&0|8344&0|8319&0;7883&0|7898&0|546&0|7556&0|1529&0|6652&0|945&0|8096&0|7999&0|8127&0|8036&0|8076&0|8254&0|1074&0|8344&0|8319&0
1989&0|1939&0|1980&0|537&0|2049&0|1830&0|805&0|2019&0|2033&0|1992&0|1918&0|2043&0;2071&0|1435&0|2088&0|2062&0;1989&0|1939&0|1980&0|537&0|2049&0|1830&0|805&0|2019&0|2033&0|1992&0|1918&0|2043&0|2071&0|1435&0|2088&0|2062&0
1183&0|5611&0|4451&0|2920&0|2920&0|11969&0|6736&0|3317&0|6360&0|13487&0|11903&0|2677&0;23293&0|3148&0|10150&0|2610&0;1183&0|5611&0|4451&0|2920&0|2920&0|11969&0|6736&0|3317&0|6360&0|13487&0|11903&0|2677&0|23293&0|3148&0|10150&0|2610&0
17177&0|10676&0|7244&0|1399&0|5359&0|31369&0|31439&0|10629&0|5520&0|16651&0|2838&0|31393&0;8787&0|4780&0|22803&0|12950&0;17177&0|10676&0|7244&0|1399&0|5359&0|31369&0|31439&0|10629&0|5520&0|16651&0|2838&0|31393&0|8787&0|4780&0|22803&0|12950&0
3437&0|9737&0|29404&0|10660&0|29431&0|29419&0|7923&0|126&0|5851&0|3443&0|611&0|7673&0;7872&0|15426&0|29425&0|13571&0;3437&0|9737&0|29404&0|10660&0|29431&0|29419&0|7923&0|126&0|5851&0|3443&0|611&0|7673&0|7872&0|15426&0|29425&0|13571&0
2071&0|16690&0|20471&0|20584&0|13279&0|12817&0|183&0|2395&0|1847&0|5622&0|762&0|20493&0;20659&0|20682&0|4029&0|20664&0;2071&0|16690&0|20471&0|20584&0|13279&0|12817&0|183&0|2395&0|1847&0|5622&0|762&0|20493&0|20659&0|20682&0|4029&0|20664&0
19112&0|26891&0|19087&0|3337&0|7341&0|7255&0|3800&0|1970&0|1426&0|7079&1|7001&0|26894&0;1902&0|2234&0|3772&0|2160&0;19112&0|26891&0|19087&0|3337&0|7341&0|7255&0|3800&0|1970&0|1426&0|7079&1|7001&0|26894&0|1902&0|2234&0|3772&0|2160&0
3624&0|8414&0|10850&0|10701&0|8603&0|13383&0|20101&1|9262&0|6227&0|5561&0|10770&0|8806&0;8564&0|8573&1|14797&0|3647&0;3624&0|8414&0|10850&0|10701&0|8603&0|13383&0|20101&1|9262&0|6227&0|5561&0|10770&0|8806&0|8564&0|8573&1|14797&0|3647&0
24741&0|7028&0|7922&0|24762&0|1506&0|24745&0|9146&0|1778&0|6614&0|20585&0|24761&0|9055&0;24778&1|24786&0|24771&0|24769&0;24741&0|7028&0|7922&0|24762&0|1506&0|24745&0|9146&0|1778&0|6614&0|20585&0|24761&0|9055&0|24778&1|24786&0|24771&0|24769&0
2412&0|17871&0|26291&0|278&0|30976&0|21072&0|1124&0|438&0|31060&0|746&0|638&0|31141&0;15179&0|31299&0|31289&0|31174&0;2412&0|17871&0|26291&0|278&0|30976&0|21072&0|1124&0|438&0|31060&0|746&0|638&0|31141&0|15179&0|31299&0|31289&0|31174&0
7669&0|4494&0|4659&0|7714&0|265&0|890&0|6992&0|7695&0|6037&1|7663&0|2090&0|7152&0;7736&0|7753&0|7759&0|7762&0;7669&0|4494&0|4659&0|7714&0|265&0|890&0|6992&0|7695&0|6037&1|7663&0|2090&0|7152&0|7736&0|7753&0|7759&0|7762&0
7057&0|21003&0|21009&0|6810&0|3385&1|21003&0|21005&1|916&0|10850&0|7065&0|528&0|9529&0;3713&1|7075&1|13688&1|6277&0;7057&0|21003&0|21009&0|6810&0|3385&1|21003&0|21005&1|916&0|10850&0|7065&0|528&0|9529&0|3713&1|7075&1|13688&1|6277&0
15769&0|1256&0|9634&0|15795&0|520&0|690&0|3439&0|15754&0|15729&0|15724&0|385&0|6545&0;2355&0|855&0|6784&0|15844&0;15769&0|1256&0|9634&0|15795&0|520&0|690&0|3439&0|15754&0|15729&0|15724&0|385&0|6545&0|2355&0|855&0|6784&0|15844&0
9073&0|9082&0|988&0|1290&0|2258&0|9090&0|9050&0|3692&0|3701&0|9079&0|9098&0|9069&0;9094&0|8873&0|3255&0|9091&0;9073&0|9082&0|988&0|1290&0|2258&0|9090&0|9050&0|3692&0|3701&0|9079&0|9098&0|9069&0|9094&0|8873&0|3255&0|9091&0
20432&0|2611&0|6771&0|7960&0|1&0|6734&0|848&0|9648&0|29326&0|1030&0|29324&0|24765&0;29341&0|17505&0|821&0|6752&0;20432&0|2611&0|6771&0|7960&0|1&0|6734&0|848&0|9648&0|29326&0|1030&0|29324&0|24765&0|29341&0|17505&0|821&0|6752&0
25264&0|10659&0|32073&0|20341&0|10031&0|3447&0|24377&0|15627&0|1018&0|4615&0|39&0|3547&0;4677&0|3493&0|2097&0|9042&0;25264&0|10659&0|32073&0|20341&0|10031&0|3447&0|24377&0|15627&0|1018&0|4615&0|39&0|3547&0|4677&0|3493&0|2097&0|9042&0
7181&0|7175&0|1970&0|7137&0|7240&0|7170&0|3420&0|7232&0|7166&0|1911&0|7233&0|7159&0;7227&0|7225&0|1291&0|1296&0;7181&0|7175&0|1970&0|7137&0|7240&0|7170&0|3420&0|7232&0|7166&0|1911&0|7233&0|7159&0|7227&0|7225&0|1291&0|1296&0
9489&0|575&0|19449&0|10969&0|11563&0|19361&0|7116&0|19394&0|17353&0|7042&0|8680&0|7029&0;3374&0|17031&0|16415&0|10438&0;9489&0|575&0|19449&0|10969&0|11563&0|19361&0|7116&0|19394&0|17353&0|7042&0|8680&0|7029&0|3374&0|17031&0|16415&0|10438&0
2023&0|1567&0|10535&0|6793&0|11941&0|549&0|15719&0|15691&0|3452&0|10535&0|1208&0|15689&0;15713&0|6836&0|2584&0|5643&0;2023&0|1567&0|10535&0|6793&0|11941&0|549&0|15719&0|15691&0|3452&0|10535&0|1208&0|15689&0|15713&0|6836&0|2584&0|5643&0
11322&0|11291&0|627&0|4466&0|7402&0|11370&0|11327&0|11314&0|4131&0|1912&0|9357&0|9531&0;7551&0|4291&0|4321&0|4487&1;11322&0|11291&0|627&0|4466&0|7402&0|11370&0|11327&0|11314&0|4131&0|1912&0|9357&0|9531&0|7551&0|4291&0|4321&0|4487&1
11321&0|1805&0|9295&0|7302&0|7386&0|6433&0|568&0|4458&0|56&0|11760&0|7442&0|5789&0;14387&0|14383&0|14380&0|6479&0;11321&0|1805&0|9295&0|7302&0|7386&0|6433&0|568&0|4458&0|56&0|11760&0|7442&0|5789&0|14387&0|14383&0|14380&0|6479&0
1021&0|8078&0|2187&1|3499&0|516&0|827&0|28375&0|15881&0|6446&0|2000&0|28382&0|958&0;28423&0|17501&0|11628&0|15194&0;1021&0|8078&0|2187&1|3499&0|516&0|827&0|28375&0|15881&0|6446&0|2000&0|28382&0|958&0|28423&0|17501&0|11628&0|15194&0
18670&0|18613&0|18611&0|3169&0|18614&0|3093&0|3264&0|17223&0|4755&0|3776&0|18589&0|13380&0;1677&0|2147&0|5688&0|1847&0;18670&0|18613&0|18611&0|3169&0|18614&0|3093&0|3264&0|17223&0|4755&0|3776&0|18589&0|13380&0|1677&0|2147&0|5688&0|1847&0
5084&0|1257&0|3813&0|10992&0|11910&0|5257&0|31820&0|5465&0|13480&0|5440&0|1126&0|21936&0;1199&0|10777&0|31861&0|2154&0;5084&0|1257&0|3813&0|10992&0|11910&0|5257&0|31820&0|5465&0|13480&0|5440&0|1126&0|21936&0|1199&0|10777&0|31861&0|2154&0
3797&0|8501&0|21733&0|149&0|14744&0|17244&0|21738&0|21756&0|21720&0|21742&0|17138&0|21762&0;21776&0|21775&1|21764&0|20027&0;3797&0|8501&0|21733&0|149&0|14744&0|17244&0|21738&0|21756&0|21720&0|21742&0|17138&0|21762&0|21776&0|21775&1|21764&0|20027&0
9295&0|2237&0|13101&0|11369&0|22889&0|3481&0|813&0|22764&0|285&0|556&0|531&0|19032&0;3235&0|31581&0|20746&0|31573&0;9295&0|2237&0|13101&0|11369&0|22889&0|3481&0|813&0|22764&0|285&0|556&0|531&0|19032&0|3235&0|31581&0|20746&0|31573&0
1661&0|1233&0|1351&0|1558&0|1631&0|1532&0|1343&0|1539&0|1491&0|1186&0|1456&0|1439&0;1771&0|1767&0|1762&0|1729&0;1661&0|1233&0|1351&0|1558&0|1631&0|1532&0|1343&0|1539&0|1491&0|1186&0|1456&0|1439&0|1771&0|1767&0|1762&0|1729&0
8962&0|28084&0|29456&1|29443&0|23901&0|29505&0|1011&0|6415&0|3887&0|29498&0|25228&0|1117&0;27853&0|7045&0|1070&0|29531&0;8962&0|28084&0|29456&1|29443&0|23901&0|29505&0|1011&0|6415&0|3887&0|29498&0|25228&0|1117&0|27853&0|7045&0|1070&0|29531&0
13437&0|24135&0|10998&0|3421&0|3755&1|31675&1|26720&0|8365&0|12766&0|5181&1|15943&0|10249&0;3490&0|8573&1|10998&0|11044&0;13437&0|24135&0|10998&0|3421&0|3755&1|31675&1|26720&0|8365&0|12766&0|5181&1|15943&0|10249&0|3490&0|8573&1|10998&0|11044&0
13150&0|22123&0|5057&0|22256&0|1447&0|1888&0|22255&0|7775&0|18654&0|5423&0|22263&0|22272&0;5684&0|22283&0|18673&0|22290&0;13150&0|22123&0|5057&0|22256&0|1447&0|1888&0|22255&0|7775&0|18654&0|5423&0|22263&0|22272&0|5684&0|22283&0|18673&0|22290&0
13665&0|11919&1|2393&0|3723&0|7488&0|4607&0|10672&0|261&0|13924&0|3885&1|857&0|3933&0;5236&0|3769&1|11343&0|4510&0;13665&0|11919&1|2393&0|3723&0|7488&0|4607&0|10672&0|261&0|13924&0|3885&1|857&0|3933&0|5236&0|3769&1|11343&0|4510&0
11268&0|18500&0|7664&0|5228&0|19618&0|23220&0|6059&0|9602&0|735&0|21559&0|17306&0|27475&0;27560&0|19893&0|764&0|21673&0;11268&0|18500&0|7664&0|5228&0|19618&0|23220&0|6059&0|9602&0|735&0|21559&0|17306&0|27475&0|27560&0|19893&0|764&0|21673&0
23917&0|1262&0|23931&0|5374&0|16981&0|22133&0|23959&0|1954&0|11238&0|4372&0|17596&0|19977&0;2494&0|23973&0|2065&0|2129&0;23917&0|1262&0|23931&0|5374&0|16981&0|22133&0|23959&0|1954&0|11238&0|4372&0|17596&0|19977&0|2494&0|23973&0|2065&0|2129&0
2763&0|24291&1|21014&0|1528&1|3386&0|26862&0|3314&0|1809&0|1915&0|8536&1|1395&0|3422&1;1528&0|1891&0|3287&0|3728&1;2763&0|24291&1|21014&0|1528&1|3386&0|26862&0|3314&0|1809&0|1915&0|8536&1|1395&0|3422&1|1528&0|1891&0|3287&0|3728&1
1827&0|5717&0|2008&0|1664&0|2909&0|26049&0|7271&0|30016&0|7473&0|1305&0|784&0|4381&0;9272&1|1268&0|5593&1|13492&0;1827&0|5717&0|2008&0|1664&0|2909&0|26049&0|7271&0|30016&0|7473&0|1305&0|784&0|4381&0|9272&1|1268&0|5593&1|13492&0
32325&0|32286&0|32292&0|10766&0|32289&0|10732&0|15711&0|10466&0|32344&0|2111&0|32346&0|2035&0;10947&0|4841&0|2091&0|10220&0;32325&0|32286&0|32292&0|10766&0|32289&0|10732&0|15711&0|10466&0|32344&0|2111&0|32346&0|2035&0|10947&0|4841&0|2091&0|10220&0
5237&0|988&0|5854&0|7250&0|45&0|21628&0|7362&0|9768&0|12337&0|14652&0|6298&0|14952&0;9502&0|7411&0|608&0|9657&0;5237&0|988&0|5854&0|7250&0|45&0|21628&0|7362&0|9768&0|12337&0|14652&0|6298&0|14952&0|9502&0|7411&0|608&0|9657&0
1541&0|6924&0|13470&0|1541&0|3678&0|10764&0|4710&0|13489&0|13485&0|1603&0|10992&0|277&0;5593&0|13486&0|13494&0|1677&0;1541&0|6924&0|13470&0|1541&0|3678&0|10764&0|4710&0|13489&0|13485&0|1603&0|10992&0|277&0|5593&0|13486&0|13494&0|1677&0
3823&0|2984&0|23908&0|3049&0|2001&0|3386&0|10364&0|3041&0|6832&0|4712&0|5281&0|23909&0;5098&0|5033&0|4924&0|4857&0;3823&0|2984&0|23908&0|3049&0|2001&0|3386&0|10364&0|3041&0|6832&0|4712&0|5281&0|23909&0|5098&0|5033&0|4924&0|4857&0
1931&0|549&0|7255&0|7430&0|5980&1|2028&0|7618&0|5036&0|5622&0|2001&0|916&0|16003&0;5774&0|32516&0|32517&0|7818&0;1931&0|549&0|7255&0|7430&0|5980&1|2028&0|7618&0|5036&0|5622&0|2001&0|916&0|16003&0|5774&0|32516&0|32517&0|7818&0
7823&0|6249&0|2080&0|10694&0|10647&0|10650&0|10695&0|9292&0|10685&0|3485&0|1429&0|1942&0;10693&0|10687&0|6076&0|1974&0;7823&0|6249&0|2080&0|10694&0|10647&0|10650&0|10695&0|9292&0|10685&0|3485&0|1429&0|1942&0|10693&0|10687&0|6076&0|1974&0
1853&0|3025&0|3139&0|1936&0|23483&0|6016&0|4740&0|11410&0|11969&0|3712&0|11872&1|2960&0;4874&0|126&0|18877&0|6124&0;1853&0|3025&0|3139&0|1936&0|23483&0|6016&0|4740&0|11410&0|11969&0|3712&0|11872&1|2960&0|4874&0|126&0|18877&0|6124&0
1139&0|32538&0|534&0|8843&0|29771&0|12533&0|2952&0|7905&0|12349&0|14614&0|14637&0|20563&0;874&0|8178&0|12522&0|8182&0;1139&0|32538&0|534&0|8843&0|29771&0|12533&0|2952&0|7905&0|12349&0|14614&0|14637&0|20563&0|874&0|8178&0|12522&0|8182&0
1262&0|602&0|9952&0|2038&0|20841&0|1210&0|1256&0|20856&0|9537&0|20819&0|3941&0|5307&0;827&0|2122&0|6967&0|2422&0;1262&0|602&0|9952&0|2038&0|20841&0|1210&0|1256&0|20856&0|9537&0|20819&0|3941&0|5307&0|827&0|2122&0|6967&0|2422&0
5609&0|5317&0|6339&0|6329&0|1867&0|6345&0|1210&0|5645&0|3799&0|1293&0|1426&0|2264&0;1678&0|1541&0|1434&0|6385&0;5609&0|5317&0|6339&0|6329&0|1867&0|6345&0|1210&0|5645&0|3799&0|1293&0|1426&0|2264&0|1678&0|1541&0|1434&0|6385&0
7491&0|2986&0|16598&0|27986&0|27979&0|8999&1|125&0|7786&1|27988&0|16606&0|14262&0|14564&0;21681&0|27976&1|19734&0|4913&0;7491&0|2986&0|16598&0|27986&0|27979&0|8999&1|125&0|7786&1|27988&0|16606&0|14262&0|14564&0|21681&0|27976&1|19734&0|4913&0
3024&0|1293&0|5259&0|8831&0|4721&0|12614&0|6839&1|19949&0|10728&0|23989&0|6786&0|7142&0;5092&0|3208&0|5491&0|29306&0;3024&0|1293&0|5259&0|8831&0|4721&0|12614&0|6839&1|19949&0|10728&0|23989&0|6786&0|7142&0|5092&0|3208&0|5491&0|29306&0
16265&0|4715&0|8056&0|6849&0|7205&0|16359&0|29734&0|25647&0|29680&0|29752&0|9588&0|12258&0;29803&0|29851&0|6647&0|29799&0;16265&0|4715&0|8056&0|6849&0|7205&0|16359&0|29734&0|25647&0|29680&0|29752&0|9588&0|12258&0|29803&0|29851&0|6647&0|29799&0
7380&0|4750&0|7314&0|2720&0|7274&1|7376&0|7461&0|1808&0|7446&0|7573&0|7579&0|4525&0;90&0|7547&0|7604&0|4962&0;7380&0|4750&0|7314&0|2720&0|7274&1|7376&0|7461&0|1808&0|7446&0|7573&0|7579&0|4525&0|90&0|7547&0|7604&0|4962&0
5468&0|5423&0|5642&0|5640&0|3032&0|5397&0|5313&0|5567&0|1431&0|5494&0|5646&0|5263&0;5601&0|5617&0|5721&0|5700&0;5468&0|5423&0|5642&0|5640&0|3032&0|5397&0|5313&0|5567&0|1431&0|5494&0|5646&0|5263&0|5601&0|5617&0|5721&0|5700&0
449&0|10854&0|6024&0|13759&0|6227&0|9669&0|13730&0|13207&0|6739&0|13738&0|5952&0|5976&0;8586&0|3785&0|13817&0|867&0;449&0|10854&0|6024&0|13759&0|6227&0|9669&0|13730&0|13207&0|6739&0|13738&0|5952&0|5976&0|8586&0|3785&0|13817&0|867&0
11894&0|11948&0|2188&0|6245&0|3051&0|7791&0|11991&0|3811&0|12078&0|4908&0|12100&0|11412&0;2033&0|4434&0|12133&0|4896&0;11894&0|11948&0|2188&0|6245&0|3051&0|7791&0|11991&0|3811&0|12078&0|4908&0|12100&0|11412&0|2033&0|4434&0|12133&0|4896&0
15652&1|15637&0|15645&0|15635&0|15629&0|15630&0|1991&1|15657&0|15656&1|15623&0|15612&0|144&0;15679&1|15674&0|15654&0|15664&1;15652&1|15637&0|15645&0|15635&0|15629&0|15630&0|1991&1|15657&0|15656&1|15623&0|15612&0|144&0|15679&1|15674&0|15654&0|15664&1
28346&0|28366&0|13067&0|2215&0|7505&0|28364&0|784&0|2452&0|2703&0|1217&0|1358&0|2246&0;1789&0|1290&0|733&0|5687&0;28346&0|28366&0|13067&0|2215&0|7505&0|28364&0|784&0|2452&0|2703&0|1217&0|1358&0|2246&0|1789&0|1290&0|733&0|5687&0
7535&1|948&0|934&0|1048&0|1105&0|7269&0|145&1|22945&0|3867&0|396&0|1077&0|956&0;3838&0|19648&0|232&0|4292&0;7535&1|948&0|934&0|1048&0|1105&0|7269&0|145&1|22945&0|3867&0|396&0|1077&0|956&0|3838&0|19648&0|232&0|4292&0
3852&0|7817&0|0&0|6311&0|347&0|3871&0|4747&1|10040&0|1045&0|104&0|914&0|14423&0;6298&0|9185&0|22245&0|84&0;3852&0|7817&0|0&0|6311&0|347&0|3871&0|4747&1|10040&0|1045&0|104&0|914&0|14423&0|6298&0|9185&0|22245&0|84&0
10663&0|10361&0|2214&0|1952&0|7195&0|26215&0|361&0|9050&0|26205&0|26211&0|590&0|6627&0;26235&0|7729&0|4317&0|253&0;10663&0|10361&0|2214&0|1952&0|7195&0|26215&0|361&0|9050&0|26205&0|26211&0|590&0|6627&0|26235&0|7729&0|4317&0|253&0
5388&0|1959&0|16229&0|3397&0|18733&0|18717&0|18728&0|18694&0|13629&0|12971&0|18720&0|18730&0;10461&1|1506&0|2246&0|1866&0;5388&0|1959&0|16229&0|3397&0|18733&0|18717&0|18728&0|18694&0|13629&0|12971&0|18720&0|18730&0|10461&1|1506&0|2246&0|1866&0
4409&0|22853&0|16389&0|15502&0|2197&0|1273&0|16639&0|24932&0|28661&0|1404&0|784&0|19979&0;28744&0|17850&0|6853&0|2233&0;4409&0|22853&0|16389&0|15502&0|2197&0|1273&0|16639&0|24932&0|28661&0|1404&0|784&0|19979&0|28744&0|17850&0|6853&0|2233&0
30132&0|16851&0|30246&0|15631&0|30195&0|30184&0|14128&0|28997&0|24079&0|27684&0|11841&0|30214&0;30275&0|16922&1|16898&0|14036&0;30132&0|16851&0|30246&0|15631&0|30195&0|30184&0|14128&0|28997&0|24079&0|27684&0|11841&0|30214&0|30275&0|16922&1|16898&0|14036&0
621&0|3087&0|3023&0|2897&0|2707&0|2867&0|2868&0|2926&0|2767&0|3088&0|2979&0|3065&0;3310&0|3325&0|3357&0|3340&0;621&0|3087&0|3023&0|2897&0|2707&0|2867&0|2868&0|2926&0|2767&0|3088&0|2979&0|3065&0|3310&0|3325&0|3357&0|3340&0
11330&0|11828&0|14021&0|11825&0|5791&0|521&0|1057&0|13943&0|13983&0|3936&0|14195&0|529&0;12558&0|14150&0|4629&0|14229&0;11330&0|11828&0|14021&0|11825&0|5791&0|521&0|1057&0|13943&0|13983&0|3936&0|14195&0|529&0|12558&0|14150&0|4629&0|14229&0
473&0|18278&0|18159&0|18205&0|6612&0|13631&0|18186&0|6038&0|15564&0|7640&0|658&0|11408&0;7102&0|496&0|18441&0|11369&0;473&0|18278&0|18159&0|18205&0|6612&0|13631&0|18186&0|6038&0|15564&0|7640&0|658&0|11408&0|7102&0|496&0|18441&0|11369&0
2173&0|2196&0|2192&0|2170&0|2199&0|2129&1|2203&0|2110&0|2208&0|2120&0|2141&0|2113&0;2163&0|2162&0|2165&0|2157&0;2173&0|2196&0|2192&0|2170&0|2199&0|2129&1|2203&0|2110&0|2208&0|2120&0|2141&0|2113&0|2163&0|2162&0|2165&0|2157&0
6879&0|3045&0|1322&0|6971&0|5362&0|1562&0|5324&0|4439&0|1624&0|1861&0|6812&0|6815&0;6906&0|6932&0|6922&0|6908&0;6879&0|3045&0|1322&0|6971&0|5362&0|1562&0|5324&0|4439&0|1624&0|1861&0|6812&0|6815&0|6906&0|6932&0|6922&0|6908&0
7382&0|7857&0|11387&0|13664&0|8528&0|24079&0|24084&1|4750&0|8528&0|24083&0|7842&0|6990&0;3462&0|7111&0|19819&0|17180&0;7382&0|7857&0|11387&0|13664&0|8528&0|24079&0|24084&1|4750&0|8528&0|24083&0|7842&0|6990&0|3462&0|7111&0|19819&0|17180&0
7249&0|7314&0|9375&0|9756&0|7796&0|9770&0|4122&0|9762&0|9763&0|9692&0|660&0|9528&0;9793&0|8001&0|3043&0|736&0;7249&0|7314&0|9375&0|9756&0|7796&0|9770&0|4122&0|9762&0|9763&0|9692&0|660&0|9528&0|9793&0|8001&0|3043&0|736&0
22423&0|4373&0|3835&0|5474&0|14305&0|26384&0|12730&1|1434&0|13218&0|14672&0|4410&0|4880&0;18581&0|19985&1|8769&0|26393&0;22423&0|4373&0|3835&0|5474&0|14305&0|26384&0|12730&1|1434&0|13218&0|14672&0|4410&0|4880&0|18581&0|19985&1|8769&0|26393&0
1008&0|15966&0|32577&0|7414&0|2394&0|2229&0|32581&0|216&0|813&0|7928&0|2507&0|7111&0;20373&0|8222&0|13394&0|2641&0;1008&0|15966&0|32577&0|7414&0|2394&0|2229&0|32581&0|216&0|813&0|7928&0|2507&0|7111&0|20373&0|8222&0|13394&0|2641&0
9415&0|27074&0|27070&0|4618&0|25480&0|11928&0|11775&0|27105&0|27194&0|7347&0|17953&0|27204&0;11829&0|7556&0|20258&0|27223&0;9415&0|27074&0|27070&0|4618&0|25480&0|11928&0|11775&0|27105&0|27194&0|7347&0|17953&0|27204&0|11829&0|7556&0|20258&0|27223&0
1163&0|27022&0|21785&0|15373&0|123&0|27020&0|27023&0|7424&0|27026&0|11336&0|27017&0|19169&0;81&0|22949&0|14383&0|1084&0;1163&0|27022&0|21785&0|15373&0|123&0|27020&0|27023&0|7424&0|27026&0|11336&0|27017&0|19169&0|81&0|22949&0|14383&0|1084&0
1391&0|14801&0|14803&0|5602&0|1839&0|14806&0|14808&0|1350&0|1969&0|12191&0|7245&0|14804&0;1434&0|5689&0|1733&1|3255&0;1391&0|14801&0|14803&0|5602&0|1839&0|14806&0|14808&0|1350&0|1969&0|12191&0|7245&0|14804&0|1434&0|5689&0|1733&1|3255&0
1183&0|1852&0|3649&0|2788&0|3338&0|8656&0|20818&0|10932&0|1938&0|30708&0|30710&0|30712&0;6897&0|1789&0|1867&0|6601&0;1183&0|1852&0|3649&0|2788&0|3338&0|8656&0|20818&0|10932&0|1938&0|30708&0|30710&0|30712&0|6897&0|1789&0|1867&0|6601&0
3812&0|8449&0|7247&0|6573&0|20249&0|16293&0|21613&0|21579&0|1259&0|21610&0|4372&0|1915&0;827&0|1415&0|6803&0|2203&0;3812&0|8449&0|7247&0|6573&0|20249&0|16293&0|21613&0|21579&0|1259&0|21610&0|4372&0|1915&0|827&0|1415&0|6803&0|2203&0
10694&0|840&0|10131&0|18106&0|16442&0|18132&0|13377&0|13351&0|18085&0|3810&0|18092&0|18079&0;1557&0|18120&0|8498&0|12126&0;10694&0|840&0|10131&0|18106&0|16442&0|18132&0|13377&0|13351&0|18085&0|3810&0|18092&0|18079&0|1557&0|18120&0|8498&0|12126&0
492&0|7108&0|185&0|9018&0|7014&0|9173&0|26931&0|6315&0|26933&0|26953&0|24557&0|2092&0;7851&0|957&0|7554&0|3704&0;492&0|7108&0|185&0|9018&0|7014&0|9173&0|26931&0|6315&0|26933&0|26953&0|24557&0|2092&0|7851&0|957&0|7554&0|3704&0
17650&0|8590&0|1517&0|18565&0|3773&0|8599&0|24240&0|13483&0|24227&0|15302&0|6810&0|3148&0;1783&0|29244&0|24911&0|1753&0;17650&0|8590&0|1517&0|18565&0|3773&0|8599&0|24240&0|13483&0|24227&0|15302&0|6810&0|3148&0|1783&0|29244&0|24911&0|1753&0
22855&0|22860&0|18655&0|22861&0|6718&0|16551&0|7731&0|3177&0|10932&0|21000&0|20999&0|8930&0;22885&0|20852&0|22835&0|19464&0;22855&0|22860&0|18655&0|22861&0|6718&0|16551&0|7731&0|3177&0|10932&0|21000&0|20999&0|8930&0|22885&0|20852&0|22835&0|19464&0
645&0|551&0|404&1|2085&0|3532&0|817&0|824&0|32282&0|9058&0|752&0|13439&0|793&0;32281&0|32279&0|2641&0|32280&0;645&0|551&0|404&1|2085&0|3532&0|817&0|824&0|32282&0|9058&0|752&0|13439&0|793&0|32281&0|32279&0|2641&0|32280&0
5152&0|4967&1|4887&0|4971&0|1817&0|4417&0|5112&1|4861&0|4748&0|5126&0|4768&0|4984&0;5198&0|5196&0|4977&0|5074&0;5152&0|4967&1|4887&0|4971&0|1817&0|4417&0|5112&1|4861&0|4748&0|5126&0|4768&0|4984&0|5198&0|5196&0|4977&0|5074&0
25887&0|30870&0|9996&0|5990&0|20845&0|7996&0|7395&0|193&0|11191&0|10700&0|9461&0|14490&0;6106&0|24335&0|9115&0|6096&0;25887&0|30870&0|9996&0|5990&0|20845&0|7996&0|7395&0|193&0|11191&0|10700&0|9461&0|14490&0|6106&0|24335&0|9115&0|6096&0
14853&0|271&0|3892&0|14865&0|15041&0|15033&0|13993&0|179&0|14816&0|9336&0|6446&0|14823&0;11197&0|3472&0|15174&0|15122&0;14853&0|271&0|3892&0|14865&0|15041&0|15033&0|13993&0|179&0|14816&0|9336&0|6446&0|14823&0|11197&0|3472&0|15174&0|15122&0
1274&0|15138&0|23402&0|1423&0|1332&0|21983&0|4825&0|5641&0|2157&0|5362&0|23413&0|23400&1;6644&0|11383&0|23440&0|23431&0;1274&0|15138&0|23402&0|1423&0|1332&0|21983&0|4825&0|5641&0|2157&0|5362&0|23413&0|23400&1|6644&0|11383&0|23440&0|23431&0
5429&0|10801&0|16414&0|8573&1|10119&0|31728&0|13683&0|2766&0|10974&0|6207&0|1372&0|31737&0;3739&0|1726&0|6255&0|31802&0;5429&0|10801&0|16414&0|8573&1|10119&0|31728&0|13683&0|2766&0|10974&0|6207&0|1372&0|31737&0|3739&0|1726&0|6255&0|31802&0
999&0|14078&0|16615&0|18954&0|14401&0|964&0|14312&0|14320&0|9897&0|9706&0|18919&0|9657&0;18961&0|15870&0|18962&0|4287&0;999&0|14078&0|16615&0|18954&0|14401&0|964&0|14312&0|14320&0|9897&0|9706&0|18919&0|9657&0|18961&0|15870&0|18962&0|4287&0
8460&0|175&0|8375&0|3008&0|8433&0|8371&0|3725&1|3041&0|8530&0|8605&0|8536&0|8513&0;8652&0|8662&0|8629&0|8615&0;8460&0|175&0|8375&0|3008&0|8433&0|8371&0|3725&1|3041&0|8530&0|8605&0|8536&0|8513&0|8652&0|8662&0|8629&0|8615&0
615&0|8979&0|1246&0|693&0|8414&0|805&0|1254&0|6983&0|27323&0|20521&0|568&0|27284&0;3483&0|13662&0|26679&0|2475&0;615&0|8979&0|1246&0|693&0|8414&0|805&0|1254&0|6983&0|27323&0|20521&0|568&0|27284&0|3483&0|13662&0|26679&0|2475&0
21788&0|21876&0|21823&0|1028&0|21779&0|4325&0|21859&0|7308&1|7459&0|21475&0|6986&0|947&0;755&0|6093&0|21885&0|21897&0;21788&0|21876&0|21823&0|1028&0|21779&0|4325&0|21859&0|7308&1|7459&0|21475&0|6986&0|947&0|755&0|6093&0|21885&0|21897&0
15369&0|9700&0|956&0|7532&0|11816&0|11355&0|4254&0|4536&0|32139&0|7335&0|973&0|4578&0;11377&0|11297&0|4125&0|14112&0;15369&0|9700&0|956&0|7532&0|11816&0|11355&0|4254&0|4536&0|32139&0|7335&0|973&0|4578&0|11377&0|11297&0|4125&0|14112&0
16083&0|14701&1|11745&0|5210&0|21697&0|9414&0|14747&0|16124&0|15487&0|4747&0|9241&0|9226&0;16135&0|21692&0|7410&0|81&0;16083&0|14701&1|11745&0|5210&0|21697&0|9414&0|14747&0|16124&0|15487&0|4747&0|9241&0|9226&0|16135&0|21692&0|7410&0|81&0
3491&0|8164&0|2076&0|8441&0|6345&0|2585&0|2075&0|2051&0|26578&0|1152&0|3755&0|23382&0;21557&0|30335&0|30336&0|6727&0;3491&0|8164&0|2076&0|8441&0|6345&0|2585&0|2075&0|2051&0|26578&0|1152&0|3755&0|23382&0|21557&0|30335&0|30336&0|6727&0
5968&0|7540&0|437&0|9389&0|9375&0|9358&0|7517&0|9465&0|404&1|6292&0|9399&0|9349&1;3674&0|9501&0|4583&0|4565&1;5968&0|7540&0|437&0|9389&0|9375&0|9358&0|7517&0|9465&0|404&1|6292&0|9399&0|9349&1|3674&0|9501&0|4583&0|4565&1
21526&0|3528&0|10148&0|11602&0|7240&0|2155&0|3525&0|2038&0|17341&0|2020&0|21525&0|9087&0;20446&0|2576&0|13394&0|12960&0;21526&0|3528&0|10148&0|11602&0|7240&0|2155&0|3525&0|2038&0|17341&0|2020&0|21525&0|9087&0|20446&0|2576&0|13394&0|12960&0
27605&0|9324&0|9903&0|11763&0|27580&0|19533&0|17998&0|906&0|27603&0|27616&0|966&0|14346&0;13961&0|6495&0|11360&0|14182&0;27605&0|9324&0|9903&0|11763&0|27580&0|19533&0|17998&0|906&0|27603&0|27616&0|966&0|14346&0|13961&0|6495&0|11360&0|14182&0
11&0|59&1|84&0|91&0|211&0|111&0|152&0|112&0|45&0|164&0|40&0|167&1;256&0|245&0|240&0|246&0;11&0|59&1|84&0|91&0|211&0|111&0|152&0|112&0|45&0|164&0|40&0|167&1|256&0|245&0|240&0|246&0
16750&0|9198&0|19589&0|21068&1|19581&1|25939&0|7634&0|11285&0|28530&0|15615&0|4590&0|25370&0;10597&0|3880&0|28790&0|28784&0;16750&0|9198&0|19589&0|21068&1|19581&1|25939&0|7634&0|11285&0|28530&0|15615&0|4590&0|25370&0|10597&0|3880&0|28790&0|28784&0
1878&0|2289&0|2370&1|23153&0|13177&0|5359&0|23097&0|23186&0|2278&0|9079&0|2229&0|2359&0;6947&0|5686&0|11670&0|2302&0;1878&0|2289&0|2370&1|23153&0|13177&0|5359&0|23097&0|23186&0|2278&0|9079&0|2229&0|2359&0|6947&0|5686&0|11670&0|2302&0
1809&0|2234&0|1812&0|2027&0|8781&0|1271&0|6573&0|1250&0|19304&0|10528&0|32253&0|1202&0;11494&0|13394&0|1358&0|32259&0;1809&0|2234&0|1812&0|2027&0|8781&0|1271&0|6573&0|1250&0|19304&0|10528&0|32253&0|1202&0|11494&0|13394&0|1358&0|32259&0
3631&0|18353&0|5931&0|6410&0|18988&0|11371&0|9283&0|13426&0|29867&0|272&0|404&0|314&0;29929&0|2234&0|12154&0|3139&0;3631&0|18353&0|5931&0|6410&0|18988&0|11371&0|9283&0|13426&0|29867&0|272&0|404&0|314&0|29929&0|2234&0|12154&0|3139&0
749&0|2312&0|6585&0|19146&0|2157&0|22667&0|2472&0|863&0|23253&0|1903&0|23269&0|2234&0;813&0|4576&0|23267&0|1438&0;749&0|2312&0|6585&0|19146&0|2157&0|22667&0|2472&0|863&0|23253&0|1903&0|23269&0|2234&0|813&0|4576&0|23267&0|1438&0
170&0|247&0|1024&0|15990&0|6004&0|15962&0|14393&0|16017&0|16009&0|14407&0|1077&0|7438&0;16081&0|249&0|16180&0|16096&0;170&0|247&0|1024&0|15990&0|6004&0|15962&0|14393&0|16017&0|16009&0|14407&0|1077&0|7438&0|16081&0|249&0|16180&0|16096&0
12644&0|3426&0|27992&0|27997&0|5420&0|25904&0|13071&0|13257&0|1911&0|5435&0|1935&0|8406&0;3782&0|19014&0|6831&0|3162&0;12644&0|3426&0|27992&0|27997&0|5420&0|25904&0|13071&0|13257&0|1911&0|5435&0|1935&0|8406&0|3782&0|19014&0|6831&0|3162&0
202&0|6506&1|216&0|11365&0|693&0|4557&1|26912&0|9595&0|9008&0|7518&1|9023&0|21088&0;4492&0|26922&0|6476&1|4525&0;202&0|6506&1|216&0|11365&0|693&0|4557&1|26912&0|9595&0|9008&0|7518&1|9023&0|21088&0|4492&0|26922&0|6476&1|4525&0
2296&0|6752&0|1472&0|6565&0|6586&0|6758&0|6619&0|6625&0|1248&0|6527&0|6770&0|6714&0;6640&0|6685&0|2583&0|6661&0;2296&0|6752&0|1472&0|6565&0|6586&0|6758&0|6619&0|6625&0|1248&0|6527&0|6770&0|6714&0|6640&0|6685&0|2583&0|6661&0
1077&0|964&0|1092&0|973&0|1010&0|1075&0|1111&0|978&0|958&0|1117&0|994&0|1007&0;1073&0|1031&0|1053&0|1047&0;1077&0|964&0|1092&0|973&0|1010&0|1075&0|1111&0|978&0|958&0|1117&0|994&0|1007&0|1073&0|1031&0|1053&0|1047&0
13239&0|5760&0|13255&0|13299&0|1202&0|13096&0|13170&0|5593&0|13324&0|13113&0|13275&0|13191&0;6948&0|13388&0|13351&0|2983&0;13239&0|5760&0|13255&0|13299&0|1202&0|13096&0|13170&0|5593&0|13324&0|13113&0|13275&0|13191&0|6948&0|13388&0|13351&0|2983&0
22065&0|22037&0|22050&0|19416&0|8928&0|22068&0|18724&0|15621&0|22080&0|22039&0|22063&0|1005&0;19048&0|22092&0|22067&0|777&0;22065&0|22037&0|22050&0|19416&0|8928&0|22068&0|18724&0|15621&0|22080&0|22039&0|22063&0|1005&0|19048&0|22092&0|22067&0|777&0
7745&0|12514&0|22952&0|32182&0|2737&0|31870&0|17621&0|11220&0|9529&0|8673&0|6227&0|27757&0;8674&0|32197&0|20500&0|32201&0;7745&0|12514&0|22952&0|32182&0|2737&0|31870&0|17621&0|11220&0|9529&0|8673&0|6227&0|27757&0|8674&0|32197&0|20500&0|32201&0
1024&0|2054&1|10791&0|10912&0|1975&0|26970&1|2049&0|7088&0|13438&0|26967&0|10998&1|4859&1;3582&0|777&0|7031&0|11012&0;1024&0|2054&1|10791&0|10912&0|1975&0|26970&1|2049&0|7088&0|13438&0|26967&0|10998&1|4859&1|3582&0|777&0|7031&0|11012&0
6481&0|6487&0|3912&0|232&0|16019&0|97&0|5874&0|15513&0|4136&0|4339&0|1018&0|4239&0;18070&0|2076&0|13935&0|5814&0;6481&0|6487&0|3912&0|232&0|16019&0|97&0|5874&0|15513&0|4136&0|4339&0|1018&0|4239&0|18070&0|2076&0|13935&0|5814&0
4267&0|3930&0|5792&0|189&0|3887&0|2545&0|142&0|3532&0|1024&0|9173&0|1082&0|9874&0;10037&0|7805&0|6486&0|7108&0;4267&0|3930&0|5792&0|189&0|3887&0|2545&0|142&0|3532&0|1024&0|9173&0|1082&0|9874&0|10037&0|7805&0|6486&0|7108&0
14306&0|787&0|1912&0|1157&0|7553&0|4296&0|11372&0|449&0|5243&0|17974&0|19009&0|1976&0;19033&0|3492&0|19038&0|17525&0;14306&0|787&0|1912&0|1157&0|7553&0|4296&0|11372&0|449&0|5243&0|17974&0|19009&0|1976&0|19033&0|3492&0|19038&0|17525&0
1582&0|6600&0|2126&0|2851&0|8846&0|8830&0|7306&0|2266&0|8760&0|570&0|2253&0|2071&0;5100&0|8878&0|8905&0|870&0;1582&0|6600&0|2126&0|2851&0|8846&0|8830&0|7306&0|2266&0|8760&0|570&0|2253&0|2071&0|5100&0|8878&0|8905&0|870&0
8699&0|3480&0|8736&0|8674&0|4682&0|1446&0|8758&0|1454&0|1717&0|1248&0|1952&0|3521&0;3584&0|4682&0|1688&0|6120&0;8699&0|3480&0|8736&0|8674&0|4682&0|1446&0|8758&0|1454&0|1717&0|1248&0|1952&0|3521&0|3584&0|4682&0|1688&0|6120&0
99&0|6409&0|6391&0|6404&0|6502&0|6414&0|3882&0|6294&0|32&1|913&0|6456&0|6501&0;1158&1|4123&0|6510&0|6491&0;99&0|6409&0|6391&0|6404&0|6502&0|6414&0|3882&0|6294&0|32&1|913&0|6456&0|6501&0|1158&1|4123&0|6510&0|6491&0
21238&0|7427&0|32651&0|7334&1|32625&0|32143&0|58&0|32626&0|32652&0|7318&0|32634&0|21814&0;7588&0|2858&0|7313&0|32663&0;21238&0|7427&0|32651&0|7334&1|32625&0|32143&0|58&0|32626&0|32652&0|7318&0|32634&0|21814&0|7588&0|2858&0|7313&0|32663&0
13868&0|8963&0|9889&0|3852&0|1010&0|17415&0|7467&0|4456&0|4457&0|4049&0|925&0|9413&0;1058&0|216&0|25146&0|31358&0;13868&0|8963&0|9889&0|3852&0|1010&0|17415&0|7467&0|4456&0|4457&0|4049&0|925&0|9413&0|1058&0|216&0|25146&0|31358&0
21049&0|19664&0|18479&0|19221&0|11285&0|4459&0|21083&0|2889&0|4338&0|4666&0|1480&0|21022&0;15035&0|4291&0|21141&0|9486&0;21049&0|19664&0|18479&0|19221&0|11285&0|4459&0|21083&0|2889&0|4338&0|4666&0|1480&0|21022&0|15035&0|4291&0|21141&0|9486&0
21657&0|3717&0|21650&0|21659&0|7314&0|3885&0|1942&0|21662&0|5989&0|9789&0|244&0|848&0;21673&0|21676&0|729&0|10374&0;21657&0|3717&0|21650&0|21659&0|7314&0|3885&0|1942&0|21662&0|5989&0|9789&0|244&0|848&0|21673&0|21676&0|729&0|10374&0
24588&0|1452&0|15277&0|7784&0|3574&0|10695&1|1572&0|1629&0|10764&0|1876&0|24586&0|10791&0;8745&0|16543&0|1441&0|1643&0;24588&0|1452&0|15277&0|7784&0|3574&0|10695&1|1572&0|1629&0|10764&0|1876&0|24586&0|10791&0|8745&0|16543&0|1441&0|1643&0
11265&0|19479&0|16601&0|26761&0|26818&0|4747&0|6410&0|14284&1|16082&0|16822&0|26751&0|26845&0;14395&0|2187&1|26833&0|15431&0;11265&0|19479&0|16601&0|26761&0|26818&0|4747&0|6410&0|14284&1|16082&0|16822&0|26751&0|26845&0|14395&0|2187&1|26833&0|15431&0
9879&1|29455&0|3856&0|106&0|4168&0|952&0|672&0|3874&0|11791&0|15318&0|7058&0|22062&0;19738&0|183&0|772&0|1063&0;9879&1|29455&0|3856&0|106&0|4168&0|952&0|672&0|3874&0|11791&0|15318&0|7058&0|22062&0|19738&0|183&0|772&0|1063&0
29631&0|920&1|934&0|29624&0|15043&1|21971&0|4578&0|18901&0|1091&0|14278&0|6480&1|16742&0;12815&0|29622&1|28385&0|29620&0;29631&0|920&1|934&0|29624&0|15043&1|21971&0|4578&0|18901&0|1091&0|14278&0|6480&1|16742&0|12815&0|29622&1|28385&0|29620&0
4394&1|23401&0|2551&0|2&0|24288&0|12631&0|2686&0|15289&0|5433&0|8673&0|11199&0|11213&0;5878&0|3386&1|8499&0|24291&0;4394&1|23401&0|2551&0|2&0|24288&0|12631&0|2686&0|15289&0|5433&0|8673&0|11199&0|11213&0|5878&0|3386&1|8499&0|24291&0
11210&0|7639&0|11074&0|10478&0|9780&0|19096&0|19088&0|3779&0|1136&0|19117&0|14864&0|19073&0;1050&0|8203&0|8787&0|4505&0;11210&0|7639&0|11074&0|10478&0|9780&0|19096&0|19088&0|3779&0|1136&0|19117&0|14864&0|19073&0|1050&0|8203&0|8787&0|4505&0
7460&0|9851&0|3670&0|937&1|23227&0|3447&0|3872&0|177&0|178&0|4680&1|2050&0|1145&0;14358&0|7867&0|7366&0|241&0;7460&0|9851&0|3670&0|937&1|23227&0|3447&0|3872&0|177&0|178&0|4680&1|2050&0|1145&0|14358&0|7867&0|7366&0|241&0
25367&0|4492&0|25360&0|25395&0|25399&0|7634&0|4573&0|25365&0|25371&0|21046&0|930&0|18873&0;15844&0|3494&0|13562&0|25405&0;25367&0|4492&0|25360&0|25395&0|25399&0|7634&0|4573&0|25365&0|25371&0|21046&0|930&0|18873&0|15844&0|3494&0|13562&0|25405&0
16438&1|30386&1|16445&1|17625&1|30364&1|7064&1|17080&1|30360&1|23279&1|30379&1|16415&1|11412&1;8680&1|22021&1|17676&1|3584&1;16438&1|30386&1|16445&1|17625&1|30364&1|7064&1|17080&1|30360&1|23279&1|30379&1|16415&1|11412&1|8680&1|22021&1|17676&1|3584&1
5275&0|1354&0|22807&0|15708&0|13184&0|3190&0|3161&0|1834&0|2683&0|22805&0|13305&0|16631&0;1687&0|13098&0|10314&0|5758&0;5275&0|1354&0|22807&0|15708&0|13184&0|3190&0|3161&0|1834&0|2683&0|22805&0|13305&0|16631&0|1687&0|13098&0|10314&0|5758&0
3648&0|5386&0|3814&0|1342&0|12967&0|12972&0|1904&0|1268&0|5572&0|12965&0|1381&0|12973&0;12994&0|12995&0|12805&0|5593&0;3648&0|5386&0|3814&0|1342&0|12967&0|12972&0|1904&0|1268&0|5572&0|12965&0|1381&0|12973&0|12994&0|12995&0|12805&0|5593&0
7764&1|7778&0|7775&0|4708&1|4759&1|3648&1|1836&1|7787&0|4841&0|3555&1|1817&1|7776&0;7790&0|4879&0|1882&1|5731&1;7764&1|7778&0|7775&0|4708&1|4759&1|3648&1|1836&1|7787&0|4841&0|3555&1|1817&1|7776&0|7790&0|4879&0|1882&1|5731&1
6792&0|30687&0|1701&0|4825&1|1366&0|1599&0|5812&0|13761&0|30685&0|4818&0|419&0|12078&0;4919&0|898&0|16556&0|6670&0;6792&0|30687&0|1701&0|4825&1|1366&0|1599&0|5812&0|13761&0|30685&0|4818&0|419&0|12078&0|4919&0|898&0|16556&0|6670&0
644&0|3670&0|4256&0|967&0|183&0|7851&0|6538&0|7801&0|2050&0|959&0|7833&0|7847&1;693&0|7858&0|7852&0|249&0;644&0|3670&0|4256&0|967&0|183&0|7851&0|6538&0|7801&0|2050&0|959&0|7833&0|7847&1|693&0|7858&0|7852&0|249&0
658&0|30439&0|30415&0|10959&0|9079&0|15554&0|2122&0|30419&0|14701&0|4722&0|15594&0|5980&0;30477&0|3224&0|30462&0|1024&0;658&0|30439&0|30415&0|10959&0|9079&0|15554&0|2122&0|30419&0|14701&0|4722&0|15594&0|5980&0|30477&0|3224&0|30462&0|1024&0
5859&0|1891&0|14439&0|57&0|4327&0|24508&0|14360&0|3660&0|154&0|7899&0|15457&0|24507&0;905&0|10659&0|85&0|8719&0;5859&0|1891&0|14439&0|57&0|4327&0|24508&0|14360&0|3660&0|154&0|7899&0|15457&0|24507&0|905&0|10659&0|85&0|8719&0
2231&0|1194&0|26052&0|7685&0|32119&0|3630&0|1294&0|10135&0|337&0|1840&0|19298&0|28066&0;5730&0|32135&0|3619&0|13267&0;2231&0|1194&0|26052&0|7685&0|32119&0|3630&0|1294&0|10135&0|337&0|1840&0|19298&0|28066&0|5730&0|32135&0|3619&0|13267&0
21248&0|1140&0|21308&0|1162&0|21268&0|9297&0|1127&0|21197&0|11258&0|10180&0|11748&0|21381&0;21439&0|21467&0|15036&0|15197&0;21248&0|1140&0|21308&0|1162&0|21268&0|9297&0|1127&0|21197&0|11258&0|10180&0|11748&0|21381&0|21439&0|21467&0|15036&0|15197&0
24674&0|3045&0|24665&0|7657&0|11963&0|1239&0|20922&0|6231&0|5281&0|5257&0|22795&0|10130&0;8696&0|3528&0|6660&0|24733&0;24674&0|3045&0|24665&0|7657&0|11963&0|1239&0|20922&0|6231&0|5281&0|5257&0|22795&0|10130&0|8696&0|3528&0|6660&0|24733&0
4393&0|1208&0|1589&0|11053&0|16560&0|1366&0|15298&0|10129&0|1217&0|4415&0|11223&1|2979&0;25724&0|1426&0|6348&0|3272&0;4393&0|1208&0|1589&0|11053&0|16560&0|1366&0|15298&0|10129&0|1217&0|4415&0|11223&1|2979&0|25724&0|1426&0|6348&0|3272&0
26054&0|18225&0|13756&0|7989&0|10439&0|8794&0|10409&0|1936&0|431&0|264&0|8773&0|556&0;26175&0|19259&0|14561&0|21889&0;26054&0|18225&0|13756&0|7989&0|10439&0|8794&0|10409&0|1936&0|431&0|264&0|8773&0|556&0|26175&0|19259&0|14561&0|21889&0
3305&0|2549&0|5893&0|19084&0|3382&0|10196&0|1030&0|843&0|10075&0|2209&0|3731&0|21945&0;901&0|3396&0|10222&0|22932&0;3305&0|2549&0|5893&0|19084&0|3382&0|10196&0|1030&0|843&0|10075&0|2209&0|3731&0|21945&0|901&0|3396&0|10222&0|22932&0
1680&0|8874&0|11204&0|4870&0|3400&0|1484&0|10858&0|11223&0|11240&0|11203&0|11228&0|11216&0;6494&0|11249&1|1126&0|1733&0;1680&0|8874&0|11204&0|4870&0|3400&0|1484&0|10858&0|11223&0|11240&0|11203&0|11228&0|11216&0|6494&0|11249&1|1126&0|1733&0
28107&0|1183&0|5458&0|2662&0|18565&0|2722&0|19317&0|29975&0|2726&0|30063&0|1191&0|2122&0;1888&0|19863&0|3203&0|1493&0;28107&0|1183&0|5458&0|2662&0|18565&0|2722&0|19317&0|29975&0|2726&0|30063&0|1191&0|2122&0|1888&0|19863&0|3203&0|1493&0
4455&0|2882&0|21922&0|28018&0|3036&0|26963&0|11202&0|2983&0|13834&0|28011&0|4726&0|2952&0;28049&0|3002&0|4415&0|4420&0;4455&0|2882&0|21922&0|28018&0|3036&0|26963&0|11202&0|2983&0|13834&0|28011&0|4726&0|2952&0|28049&0|3002&0|4415&0|4420&0
18544&0|18569&0|18568&0|5314&0|2690&0|12016&0|11961&0|10865&0|18557&0|12003&0|18560&0|18549&0;18563&0|277&0|1908&1|10812&0;18544&0|18569&0|18568&0|5314&0|2690&0|12016&0|11961&0|10865&0|18557&0|12003&0|18560&0|18549&0|18563&0|277&0|1908&1|10812&0
8054&0|1126&0|1426&0|10929&0|2551&0|1366&0|3386&0|4430&0|1901&0|6353&0|11240&0|3080&0;1541&0|1381&0|6809&0|6809&0;8054&0|1126&0|1426&0|10929&0|2551&0|1366&0|3386&0|4430&0|1901&0|6353&0|11240&0|3080&0|1541&0|1381&0|6809&0|6809&0
2371&0|2215&1|2360&0|2242&0|2490&0|2334&0|2237&0|2356&0|2368&0|2413&0|2362&0|102&0;2448&0|2450&1|2445&0|2453&0;2371&0|2215&1|2360&0|2242&0|2490&0|2334&0|2237&0|2356&0|2368&0|2413&0|2362&0|102&0|2448&0|2450&1|2445&0|2453&0
19266&0|3388&0|394&0|6998&0|6062&0|3414&0|2241&0|549&0|4433&0|2219&0|8673&0|26683&0;24916&0|3131&0|8863&0|5722&0;19266&0|3388&0|394&0|6998&0|6062&0|3414&0|2241&0|549&0|4433&0|2219&0|8673&0|26683&0|24916&0|3131&0|8863&0|5722&0
3665&0|3745&0|3667&0|3410&0|3680&0|3752&0|1862&0|3676&0|3671&0|2348&0|3749&0|2252&0;3530&0|279&0|3787&0|588&0;3665&0|3745&0|3667&0|3410&0|3680&0|3752&0|1862&0|3676&0|3671&0|2348&0|3749&0|2252&0|3530&0|279&0|3787&0|588&0
14456&0|15538&0|8765&0|15509&0|15517&0|9868&0|8908&0|2866&0|3811&0|15557&0|11207&0|5741&0;861&0|15604&0|14895&1|15605&0;14456&0|15538&0|8765&0|15509&0|15517&0|9868&0|8908&0|2866&0|3811&0|15557&0|11207&0|5741&0|861&0|15604&0|14895&1|15605&0
24396&0|3465&0|7823&0|10675&0|25614&0|25582&0|2157&0|20247&0|17423&0|4458&0|4823&0|933&0;25634&0|24443&0|8261&0|8222&0;24396&0|3465&0|7823&0|10675&0|25614&0|25582&0|2157&0|20247&0|17423&0|4458&0|4823&0|933&0|25634&0|24443&0|8261&0|8222&0
52&0|7786&0|1310&0|4865&0|4765&0|636&0|4755&0|11394&0|4773&0|1809&1|11392&0|1563&0;5232&0|5292&0|4883&0|636&0;52&0|7786&0|1310&0|4865&0|4765&0|636&0|4755&0|11394&0|4773&0|1809&1|11392&0|1563&0|5232&0|5292&0|4883&0|636&0
7371&0|29502&0|32171&0|11693&0|15918&0|4749&0|282&0|32146&0|32168&0|29528&0|6467&0|21&0;29103&0|32169&0|10043&1|22979&0;7371&0|29502&0|32171&0|11693&0|15918&0|4749&0|282&0|32146&0|32168&0|29528&0|6467&0|21&0|29103&0|32169&0|10043&1|22979&0
745&0|11520&0|350&0|19682&0|2273&0|22351&0|25665&0|25714&0|25707&0|25701&0|5700&0|5805&0;2094&0|3838&0|2014&0|25712&0;745&0|11520&0|350&0|19682&0|2273&0|22351&0|25665&0|25714&0|25707&0|25701&0|5700&0|5805&0|2094&0|3838&0|2014&0|25712&0
1384&0|6086&0|14569&0|24477&0|11964&0|2240&0|24462&0|24473&0|12667&0|4743&0|2237&0|10708&0;3778&0|8814&0|2162&0|24489&0;1384&0|6086&0|14569&0|24477&0|11964&0|2240&0|24462&0|24473&0|12667&0|4743&0|2237&0|10708&0|3778&0|8814&0|2162&0|24489&0
10207&0|8662&0|8423&0|13677&0|2871&0|3739&1|4785&0|8525&0|13681&0|8526&0|12673&0|8522&0;8625&0|6276&0|12842&0|1664&0;10207&0|8662&0|8423&0|13677&0|2871&0|3739&1|4785&0|8525&0|13681&0|8526&0|12673&0|8522&0|8625&0|6276&0|12842&0|1664&0
16441&0|3825&0|8720&0|1889&0|3565&0|14906&0|10925&0|14559&0|15513&0|26062&0|5976&0|7097&0;7105&0|28942&0|28941&0|17654&0;16441&0|3825&0|8720&0|1889&0|3565&0|14906&0|10925&0|14559&0|15513&0|26062&0|5976&0|7097&0|7105&0|28942&0|28941&0|17654&0
1142&0|8018&0|13550&0|20297&0|711&0|20343&0|8080&0|20256&0|20328&0|934&0|5763&0|11819&0;1107&0|743&0|20390&0|8228&0;1142&0|8018&0|13550&0|20297&0|711&0|20343&0|8080&0|20256&0|20328&0|934&0|5763&0|11819&0|1107&0|743&0|20390&0|8228&0
1023&0|426&0|28588&0|12278&0|456&0|27677&0|28495&0|381&0|25897&0|8149&0|1845&0|14851&0;28625&0|17513&0|2553&0|28638&0;1023&0|426&0|28588&0|12278&0|456&0|27677&0|28495&0|381&0|25897&0|8149&0|1845&0|14851&0|28625&0|17513&0|2553&0|28638&0
2592&0|4788&0|8433&0|8582&0|6230&0|12635&0|8517&0|1874&0|1512&0|12814&0|8565&0|8522&0;8599&0|12914&0|12957&0|12910&0;2592&0|4788&0|8433&0|8582&0|6230&0|12635&0|8517&0|1874&0|1512&0|12814&0|8565&0|8522&0|8599&0|12914&0|12957&0|12910&0
8069&0|14409&0|30521&0|30489&0|472&0|15389&0|30563&0|11786&0|7966&0|1159&0|13925&0|347&0;19224&0|30558&0|22375&0|11825&0;8069&0|14409&0|30521&0|30489&0|472&0|15389&0|30563&0|11786&0|7966&0|1159&0|13925&0|347&0|19224&0|30558&0|22375&0|11825&0
320&0|15274&0|17601&0|12080&0|22172&0|1831&0|22094&0|13171&0|1361&0|1279&0|16313&0|2724&0;1471&0|16668&0|16464&0|16463&0;320&0|15274&0|17601&0|12080&0|22172&0|1831&0|22094&0|13171&0|1361&0|1279&0|16313&0|2724&0|1471&0|16668&0|16464&0|16463&0
9215&1|103&0|9220&0|9207&0|9240&0|9217&0|9237&0|9202&0|1135&0|177&0|9125&0|92&1;9192&0|9189&0|9179&0|9176&0;9215&1|103&0|9220&0|9207&0|9240&0|9217&0|9237&0|9202&0|1135&0|177&0|9125&0|92&1|9192&0|9189&0|9179&0|9176&0
175&0|2213&0|1664&0|6898&0|166&0|11670&0|2242&0|3752&0|1455&0|29872&1|9793&0|29881&1;7739&0|26567&0|29887&0|6280&0;175&0|2213&0|1664&0|6898&0|166&0|11670&0|2242&0|3752&0|1455&0|29872&1|9793&0|29881&1|7739&0|26567&0|29887&0|6280&0
6983&0|11491&0|23694&0|23216&0|4575&0|23583&0|23579&0|11309&0|23885&0|23679&0|23879&0|4471&0;4636&0|475&0|23740&0|23803&0;6983&0|11491&0|23694&0|23216&0|4575&0|23583&0|23579&0|11309&0|23885&0|23679&0|23879&0|4471&0|4636&0|475&0|23740&0|23803&0
4460&0|4537&0|4616&0|4509&0|4558&0|4469&0|4598&0|4461&0|4650&0|4538&0|4512&0|1168&0;4670&0|4634&0|4640&0|3546&0;4460&0|4537&0|4616&0|4509&0|4558&0|4469&0|4598&0|4461&0|4650&0|4538&0|4512&0|1168&0|4670&0|4634&0|4640&0|3546&0
3305&0|6789&0|24549&0|1853&0|2860&0|24538&0|10960&0|3003&0|10208&0|24533&0|24575&1|2963&0;3342&0|8614&0|16561&0|2167&0;3305&0|6789&0|24549&0|1853&0|2860&0|24538&0|10960&0|3003&0|10208&0|24533&0|24575&1|2963&0|3342&0|8614&0|16561&0|2167&0
3660&0|1895&0|3409&0|4728&0|6207&0|13677&0|6632&0|3802&0|11044&0|31707&0|8366&0|5936&0;3639&1|10683&0|31710&0|3769&0;3660&0|1895&0|3409&0|4728&0|6207&0|13677&0|6632&0|3802&0|11044&0|31707&0|8366&0|5936&0|3639&1|10683&0|31710&0|3769&0
1243&0|1809&0|1589&0|18824&0|10581&0|25031&0|822&0|25793&0|1402&0|7229&0|25734&0|9067&0;20133&0|1285&0|20715&1|1435&0;1243&0|1809&0|1589&0|18824&0|10581&0|25031&0|822&0|25793&0|1402&0|7229&0|25734&0|9067&0|20133&0|1285&0|20715&1|1435&0
7039&0|9049&0|5225&0|4385&0|13585&0|5771&0|13630&0|13579&0|13604&0|6042&0|7887&0|3842&0;13665&0|13662&0|12989&0|4445&0;7039&0|9049&0|5225&0|4385&0|13585&0|5771&0|13630&0|13579&0|13604&0|6042&0|7887&0|3842&0|13665&0|13662&0|12989&0|4445&0
5967&0|10659&0|9658&0|6317&0|6298&1|14599&0|24607&0|8212&0|15943&0|3725&0|1160&0|15469&0;25086&0|15482&0|25081&0|25080&0;5967&0|10659&0|9658&0|6317&0|6298&1|14599&0|24607&0|8212&0|15943&0|3725&0|1160&0|15469&0|25086&0|15482&0|25081&0|25080&0
4465&0|5456&0|11136&0|9324&0|11055&0|11143&0|9355&0|10659&0|429&0|11064&0|11082&0|4466&0;11196&0|8710&0|11182&0|11171&1;4465&0|5456&0|11136&0|9324&0|11055&0|11143&0|9355&0|10659&0|429&0|11064&0|11082&0|4466&0|11196&0|8710&0|11182&0|11171&1
10356&0|16627&0|1840&0|5468&0|16629&0|2704&0|2218&0|1208&0|6539&0|16630&0|10560&0|1183&0;1466&0|12819&0|14608&0|5593&0;10356&0|16627&0|1840&0|5468&0|16629&0|2704&0|2218&0|1208&0|6539&0|16630&0|10560&0|1183&0|1466&0|12819&0|14608&0|5593&0
7799&0|4492&0|4692&0|1469&0|3469&0|9315&0|449&0|15743&0|17441&0|17336&0|17419&0|4630&0;7872&0|2047&0|6576&0|17403&0;7799&0|4492&0|4692&0|1469&0|3469&0|9315&0|449&0|15743&0|17441&0|17336&0|17419&0|4630&0|7872&0|2047&0|6576&0|17403&0
7671&0|8953&0|962&0|4167&0|8966&0|718&0|9011&0|8947&0|97&0|5839&0|142&0|9004&0;181&0|2553&0|937&0|9046&0;7671&0|8953&0|962&0|4167&0|8966&0|718&0|9011&0|8947&0|97&0|5839&0|142&0|9004&0|181&0|2553&0|937&0|9046&0
17120&0|10343&0|4748&0|2412&0|2878&0|11236&0|13015&0|2838&0|17093&0|13404&0|17181&0|17077&0;2927&0|2390&0|17255&0|17256&0;17120&0|10343&0|4748&0|2412&0|2878&0|11236&0|13015&0|2838&0|17093&0|13404&0|17181&0|17077&0|2927&0|2390&0|17255&0|17256&0
15844&0|8211&0|24339&0|17381&0|24378&0|21788&0|11116&0|3482&0|934&0|926&0|24307&0|19461&0;7879&0|24448&0|4600&0|20376&0;15844&0|8211&0|24339&0|17381&0|24378&0|21788&0|11116&0|3482&0|934&0|926&0|24307&0|19461&0|7879&0|24448&0|4600&0|20376&0
986&0|5991&0|18915&1|4001&1|3927&1|1142&1|9960&1|3887&1|9544&0|3962&1|3980&1|516&0;943&0|9847&0|19917&0|13916&0;986&0|5991&0|18915&1|4001&1|3927&1|1142&1|9960&1|3887&1|9544&0|3962&1|3980&1|516&0|943&0|9847&0|19917&0|13916&0
1855&0|7839&0|761&0|7250&0|1903&0|1756&0|7721&0|6953&0|9301&0|1043&0|32495&0|1871&1;1674&0|7755&0|32510&0|29260&0;1855&0|7839&0|761&0|7250&0|1903&0|1756&0|7721&0|6953&0|9301&0|1043&0|32495&0|1871&1|1674&0|7755&0|32510&0|29260&0
16307&0|5291&0|13810&0|3385&0|1153&0|4682&0|3424&0|8720&0|9749&0|6281&0|779&0|7108&0;2584&0|3608&0|1631&0|3646&0;16307&0|5291&0|13810&0|3385&0|1153&0|4682&0|3424&0|8720&0|9749&0|6281&0|779&0|7108&0|2584&0|3608&0|1631&0|3646&0
6242&0|1583&0|6220&0|2685&0|1580&0|6232&0|6251&0|6228&0|6219&0|6222&0|6247&0|6255&0;3713&0|6283&0|6266&0|6287&0;6242&0|1583&0|6220&0|2685&0|1580&0|6232&0|6251&0|6228&0|6219&0|6222&0|6247&0|6255&0|3713&0|6283&0|6266&0|6287&0
1356&0|1910&0|10366&0|11861&0|4401&0|3013&0|3723&0|8414&0|7001&0|1259&0|729&0|5120&0;7001&0|2076&0|1449&0|810&0;1356&0|1910&0|10366&0|11861&0|4401&0|3013&0|3723&0|8414&0|7001&0|1259&0|729&0|5120&0|7001&0|2076&0|1449&0|810&0
28950&0|10788&0|29137&0|18751&0|13986&0|29117&0|11771&0|29167&0|11361&0|9865&0|20472&0|13900&0;14010&0|6063&0|29212&0|23851&0;28950&0|10788&0|29137&0|18751&0|13986&0|29117&0|11771&0|29167&0|11361&0|9865&0|20472&0|13900&0|14010&0|6063&0|29212&0|23851&0
13787&0|20921&0|10203&0|3218&0|814&0|157&0|30050&0|1438&0|1506&0|16635&0|15466&0|14799&0;1440&0|26736&0|30123&0|20432&0;13787&0|20921&0|10203&0|3218&0|814&0|157&0|30050&0|1438&0|1506&0|16635&0|15466&0|14799&0|1440&0|26736&0|30123&0|20432&0
7823&0|14415&0|14430&0|4028&0|14412&0|3377&0|3866&0|199&0|7578&0|14417&0|175&0|1023&0;869&0|3672&0|1038&0|4273&0;7823&0|14415&0|14430&0|4028&0|14412&0|3377&0|3866&0|199&0|7578&0|14417&0|175&0|1023&0|869&0|3672&0|1038&0|4273&0
21519&0|27434&0|6133&0|27412&0|8401&0|19780&0|26629&0|27444&0|27418&0|1279&0|784&0|1868&0;27450&0|21522&0|7244&0|6040&0;21519&0|27434&0|6133&0|27412&0|8401&0|19780&0|26629&0|27444&0|27418&0|1279&0|784&0|1868&0|27450&0|21522&0|7244&0|6040&0
6294&1|11711&0|11735&1|11775&1|11692&0|11801&1|11778&1|11751&0|9137&1|9683&0|11705&0|11721&1;11848&0|138&0|11815&1|6313&1;6294&1|11711&0|11735&1|11775&1|11692&0|11801&1|11778&1|11751&0|9137&1|9683&0|11705&0|11721&1|11848&0|138&0|11815&1|6313&1
11991&0|24795&0|24821&0|24807&0|12012&0|1635&0|5717&0|16513&0|3480&0|24844&0|2102&0|2703&0;24846&0|5520&0|5488&0|18604&0;11991&0|24795&0|24821&0|24807&0|12012&0|1635&0|5717&0|16513&0|3480&0|24844&0|2102&0|2703&0|24846&0|5520&0|5488&0|18604&0
17579&0|21938&0|6556&0|2368&0|6541&0|30638&0|30646&0|18716&0|11007&0|13813&0|10986&0|533&0;1770&0|1517&0|3777&0|30667&0;17579&0|21938&0|6556&0|2368&0|6541&0|30638&0|30646&0|18716&0|11007&0|13813&0|10986&0|533&0|1770&0|1517&0|3777&0|30667&0
4362&0|4382&0|4403&0|4411&0|4440&0|1563&0|4445&0|1603&0|4391&0|4370&0|4417&0|4413&0;1624&0|4431&0|2959&0|4434&0;4362&0|4382&0|4403&0|4411&0|4440&0|1563&0|4445&0|1603&0|4391&0|4370&0|4417&0|4413&0|1624&0|4431&0|2959&0|4434&0
25924&0|585&0|25942&0|8762&0|25935&0|12379&0|22517&0|472&0|19171&0|822&0|4672&0|25937&0;16182&0|25954&0|26022&0|838&0;25924&0|585&0|25942&0|8762&0|25935&0|12379&0|22517&0|472&0|19171&0|822&0|4672&0|25937&0|16182&0|25954&0|26022&0|838&0
